income,educ,jobexp,race
5,2,9,black
9.6999998,4,18,black
28.4,8,21,black
8.8000002,8,12,black
21,8,14,black
26.6,10,16,black
25.4,12,16,black
23.1,12,9,black
22.5,12,18,black
19.5,12,5,black
21.700001,12,7,white
24.799999,13,9,white
30.1,14,12,white
24.799999,14,17,white
28.5,15,19,white
26,15,6,white
38.900002,16,17,white
22.1,16,1,white
33.099998,17,10,white
48.299999,21,17,white
